{
    "temperature"     :      50.00000000 ,
    "magnetization"   :       0.52502178 ,
    "binder_cumulant" :       0.66666484 ,
    "energy"          :      -1.28132615 ,
    "skyrmion_num"    :  null ,
    "skyrmion_std"    :  null ,
    "susceptibility"  :       0.00021795 ,
    "specific_heat"   :       0.82582829
}
