{
    "temperature"     :       0.00000000 ,
    "magnetization"   :       0.12888651 ,
    "binder_cumulant" :       0.66607387 ,
    "energy"          :      -6.08657527 ,
    "skyrmion_num"    :  null ,
    "skyrmion_std"    :  null ,
    "susceptibility"  :       0.00000000 ,
    "specific_heat"   :       0.00000000
}
