{
    "temperature"     :       0.00000000 ,
    "magnetization"   :       0.22010161 ,
    "binder_cumulant" :       0.66658006 ,
    "energy"          :      -6.08682192 ,
    "skyrmion_num"    :  null ,
    "skyrmion_std"    :  null ,
    "susceptibility"  :       0.00000000 ,
    "specific_heat"   :       0.00000000
}
