{
    "temperature"     :       0.00000000 ,
    "magnetization"   :       0.28765872 ,
    "binder_cumulant" :       0.66664643 ,
    "energy"          :      -6.08804260 ,
    "skyrmion_num"    :  null ,
    "skyrmion_std"    :  null ,
    "susceptibility"  :       0.00000000 ,
    "specific_heat"   :       0.00000000
}
