{
             "simid"  :    "PdFeIr11" ,
             "ncell"  :    [      100 ,      100 ,        1 ] , 
                "bc"  :    [ "P" , "P" , "P" ] , 
              "cell"  :  [
                           [    1.00000     ,    0.00000     ,    0.00000     ] , 
                           [   0.500000     ,   0.866025     ,    0.00000     ] , 
                           [    0.00000     ,    0.00000     ,    10.6665     ]  
                         ],
         "anumb_inp"  :         1 ,
         "atype_inp"  :         1 ,
               "bas"  :  [
                           [    0.00000     ,    0.00000     ,    10.2668     ]  
                         ],
                "na"  :         1 ,
                "nt"  :         1 ,
               "sym"  :         0 ,
               "llg"  :         1 ,
           "sdealgh"  :         1 ,
         "mensemble"  :         1 ,
           "initmag"  :         1 ,
             "mseed"  :         1 ,
           "ip_mode"  :    "S" ,
         "ip_hfield"  :    [    0.00000     ,    0.00000     ,    0.00000     ] , 
         "ip_nphase"  :         5 ,
          "ip_nstep"  :    [    50000 ,    50000 ,    50000 ,    50000 ,    50000 ] , 
       "ip_timestep"  :    [   0.100000E-14 ,   0.100000E-14 ,   0.100000E-14 ,   0.100000E-14 ,   0.100000E-14 ] , 
        "ip_damping"  :    [    1.00000     ,    1.00000     ,    1.00000     ,    1.00000     ,    1.00000     ] , 
              "mode"  :   "S" ,
              "temp"  :     500.000     ,
            "hfield"  :    [    0.00000     ,    0.00000     ,    0.00000     ] , 
             "nstep"  :    500000 ,
          "timestep"  :    0.100000E-14 ,
           "damping"  :     1.00000     ,
 "real_time_measure"  :   "N" ,
           "do_avrg"  :   "Y" ,
         "avrg_step"  :       100 ,
        "do_tottraj"  :   "Y" ,
      "tottraj_step"  :      1000 ,
           "do_cumu"  :   "Y" ,
         "cumu_step"  :        50 ,
        "plotenergy"  :         1 ,
       "do_spintemp"  :   "N" ,
             "ntraj"  :         0 ,
             "do_sc"  :    "N" ,
           "comment"  :    "Input data from UppASD simulation" 
  } 
