{
    "temperature"     :       0.00000000 ,
    "magnetization"   :       2.83976398 ,
    "binder_cumulant" :       0.66666667 ,
    "energy"          :      -6.30148655 ,
    "skyrmion_num"    :  null ,
    "skyrmion_std"    :  null ,
    "susceptibility"  :       0.00000000 ,
    "specific_heat"   :       0.00000000
}
