{
    "temperature"     :       0.00000000 ,
    "magnetization"   :       0.28734613 ,
    "binder_cumulant" :       0.66652580 ,
    "energy"          :      -6.08845542 ,
    "skyrmion_num"    :  null ,
    "skyrmion_std"    :  null ,
    "susceptibility"  :       0.00000000 ,
    "specific_heat"   :       0.00000000
}
