{
    "temperature"     :       0.00000000 ,
    "magnetization"   :       1.84448037 ,
    "binder_cumulant" :       0.66662330 ,
    "energy"          :      -6.12600755 ,
    "skyrmion_num"    :  null ,
    "skyrmion_std"    :  null ,
    "susceptibility"  :       0.00000000 ,
    "specific_heat"   :       0.00000000
}
