{
    "temperature"     :       0.00000000 ,
    "magnetization"   :       0.86193404 ,
    "binder_cumulant" :       0.66663403 ,
    "energy"          :      -6.10236632 ,
    "skyrmion_num"    :  null ,
    "skyrmion_std"    :  null ,
    "susceptibility"  :       0.00000000 ,
    "specific_heat"   :       0.00000000
}
