{
    "temperature"     :       0.00000000 ,
    "magnetization"   :       0.25564394 ,
    "binder_cumulant" :       0.66653641 ,
    "energy"          :      -6.08936434 ,
    "skyrmion_num"    :  null ,
    "skyrmion_std"    :  null ,
    "susceptibility"  :       0.00000000 ,
    "specific_heat"   :       0.00000000
}
