{
    "temperature"     :       0.00000000 ,
    "magnetization"   :       0.29888424 ,
    "binder_cumulant" :       0.66549207 ,
    "energy"          :      -6.08936827 ,
    "skyrmion_num"    :  null ,
    "skyrmion_std"    :  null ,
    "susceptibility"  :       0.00000000 ,
    "specific_heat"   :       0.00000000
}
